purchase_date,cust_id,comic_id
2020-09-28 09:14:16,1,3849
2020-02-04 02:38:53,1,13025
2016-08-04 03:03:27,1,28246
2007-05-21 15:03:08,1,1994
2005-12-03 04:36:36,1,11404
2008-03-06 06:01:45,1,17230
2020-07-11 21:52:21,1,9479
2010-03-30 00:18:02,1,13591
2021-04-19 15:10:15,1,18529
2000-05-28 12:08:58,1,27962
2010-10-12 17:32:14,1,25638
2008-06-25 09:07:04,1,1235
2011-11-18 18:05:50,1,3001
2023-12-07 05:50:45,1,31781
2003-08-28 20:20:44,1,15785
2019-11-14 20:30:09,1,25177
2011-01-23 14:33:05,1,2714
2017-11-22 02:30:00,1,22613
2005-08-18 18:25:23,1,24966
2004-10-07 20:46:06,1,19996
2012-07-04 14:49:57,1,25710
2012-08-18 14:00:32,1,12641
2003-04-19 08:01:02,1,30477
2007-06-16 18:35:13,1,9149
2014-07-17 08:20:46,1,12667
2012-05-10 16:25:47,1,30815
2016-03-24 23:20:52,1,21703
2003-11-23 12:22:25,1,4873
2021-10-31 01:30:04,1,26276
2018-07-18 17:41:04,2,28841
2020-08-10 12:38:07,2,14150
2001-05-06 02:42:32,2,174
2001-02-07 18:06:03,2,4564
2014-05-18 15:27:19,2,3294
2007-12-13 15:42:27,2,17843
2009-08-27 10:53:27,2,22839
2006-04-27 17:35:53,2,26435
2003-06-21 19:33:08,2,18039
2022-10-06 07:45:29,2,28901
2017-11-28 03:02:43,2,8914
2003-10-18 04:11:29,2,15406
2005-10-05 08:43:12,2,7483
2001-10-04 18:25:25,2,17189
2009-12-19 22:13:13,2,1750
2008-01-11 09:47:09,2,18502
2009-02-25 06:42:15,2,2482
2005-09-06 14:10:24,2,3498
2005-03-01 15:31:04,2,2694
2003-12-13 16:36:08,2,34753
2018-02-12 21:56:12,2,22228
2003-06-06 10:30:05,2,24210
2008-08-13 01:27:44,2,18866
2019-11-22 06:06:57,2,4345
2014-04-18 07:20:57,3,32113
2019-10-21 07:32:13,3,27927
2006-12-29 11:37:23,3,30173
2023-11-01 08:24:40,3,21428
2011-03-10 17:01:53,3,513
2012-11-07 07:26:45,3,12976
2017-07-02 21:30:02,3,20782
2001-12-27 14:11:02,4,27931
2008-01-31 21:40:42,5,3075
2007-04-28 13:43:25,5,9880
2022-08-27 05:50:49,5,21135
2017-06-03 14:02:50,5,23338
2016-03-17 08:53:48,5,26451
2006-07-07 10:55:28,5,9244
2007-02-20 14:21:33,5,19026
2017-06-23 04:49:53,5,9623
2003-04-11 01:24:10,6,31000
2007-08-17 18:00:27,6,17876
2021-09-03 06:50:32,6,26426
2001-11-12 04:02:34,6,2817
2001-10-09 08:54:08,6,4622
2006-10-03 23:36:03,6,22263
2016-01-09 22:57:56,6,1968
2009-10-29 02:59:25,6,9904
2002-05-16 00:02:00,6,5144
2011-08-30 22:25:17,6,27232
2021-05-02 12:37:00,6,8905
2009-09-29 06:55:45,6,6543
2017-05-11 10:28:45,7,30774
2010-01-16 22:52:38,7,20814
2003-01-09 00:43:39,7,1077
2002-10-25 11:09:13,7,25520
2001-02-03 05:28:21,7,13593
2020-03-11 13:33:23,7,13047
2011-09-06 13:03:42,7,26084
2022-09-29 00:32:31,7,27449
2018-06-03 14:51:59,7,509
2009-01-01 03:09:18,7,29215
2003-11-09 04:20:18,7,8217
2006-02-02 08:10:51,7,24779
2022-01-05 12:53:34,7,12635
2017-08-15 07:00:27,7,13234
2010-09-25 13:50:05,7,23188
2012-06-09 06:33:33,7,14593
2005-09-22 14:54:46,7,11674
2006-11-09 21:17:12,7,26171
2020-12-03 21:50:26,7,31081
2001-03-25 04:11:53,7,9060
2016-04-19 06:17:43,7,28617
2007-07-11 01:06:17,7,27493
2017-04-14 22:31:15,7,30616
2017-08-16 22:58:13,7,10360
2014-03-10 22:39:28,7,1929
2001-04-12 22:54:11,8,15672
2008-05-29 10:02:26,8,405
2010-07-10 23:28:17,8,22946
2008-01-17 02:04:44,8,2142
2009-07-04 07:52:22,8,25659
2011-10-22 08:28:33,8,31711
2009-02-28 20:20:59,8,7757
2002-10-31 11:15:16,8,1978
2000-04-11 22:02:45,8,491
2019-01-19 18:39:31,8,22787
2004-11-09 18:22:58,8,18871
2017-10-05 08:08:10,8,26848
2005-04-18 21:28:19,8,2476
2006-08-14 17:37:14,8,32413
2014-05-14 08:51:22,8,14119
2018-10-02 13:15:51,8,8377
2021-07-03 17:35:17,8,27719
2019-05-23 00:47:57,8,11479
2023-09-27 17:19:07,8,21634
2015-12-04 13:34:06,8,18035
2022-05-06 11:18:08,8,22616
2003-05-17 13:19:14,8,3145
2009-05-17 20:01:16,8,24064
2002-08-18 15:37:41,8,19120
2016-12-12 15:26:33,8,34900
2018-01-21 20:18:00,8,31345
2003-12-07 20:06:46,8,4621
2012-10-14 21:36:56,8,31276
2009-10-17 19:51:45,8,9984
2020-07-14 04:43:21,8,33541
2023-07-17 09:25:58,9,23582
2005-09-27 14:11:16,9,23983
2018-03-25 10:15:04,9,184
2017-03-13 03:44:01,9,8277
2011-07-29 18:15:10,9,21312
2014-08-27 07:53:06,9,12210
2020-03-26 13:00:24,9,10610
2014-08-21 15:27:48,9,8279
2011-04-18 12:44:32,9,9064
2003-06-09 21:05:07,9,12806
2021-05-27 18:29:18,9,27238
2021-11-12 10:04:33,9,17772
2023-11-30 15:18:41,9,1900
2002-10-24 04:13:21,9,29516
2001-11-13 19:20:20,9,10607
2021-01-30 02:59:53,9,8842
2009-09-28 03:22:47,9,29721
2007-07-02 01:34:49,9,4407
2009-01-13 12:30:54,9,33761
2022-05-30 13:15:01,9,7013
2016-07-27 20:38:52,9,6756
2006-08-11 21:30:19,9,19564
2014-12-03 23:34:47,9,2896
2007-07-06 01:26:03,9,2556
2011-06-12 08:08:59,9,32970
2013-03-19 13:58:55,10,25859
2004-11-27 07:48:07,10,5864
2002-01-22 02:53:06,10,26289
2020-04-07 08:06:52,10,28442
2004-10-22 00:53:01,10,9347
2019-09-06 05:42:32,10,8732
2004-02-06 05:56:29,10,20853
2018-12-27 19:28:05,10,26792
2001-03-09 00:07:07,10,21426
2010-05-03 10:42:39,10,24807
2015-01-28 10:55:27,10,19980
2010-09-30 22:41:43,10,13017
2004-10-06 11:56:54,10,4379
2021-09-24 22:41:31,10,19183
2000-01-18 20:48:36,10,15611
2011-05-22 09:53:58,10,9695
2016-10-13 07:11:05,10,26712
2006-07-12 15:44:05,10,25108
2015-11-22 11:58:24,10,1637
2022-05-14 07:13:14,10,31851
2000-08-30 23:16:09,10,8512
2016-08-21 06:40:19,11,32935
2007-07-29 06:10:55,11,4747
2007-01-13 14:17:15,11,9509
2003-10-07 03:19:16,11,32202
2016-12-09 14:36:45,11,11355
2000-05-28 01:02:57,11,29274
2010-11-21 11:57:31,11,18935
2019-09-10 14:38:56,11,24423
2001-04-20 22:35:36,11,2831
2014-01-17 04:43:01,11,12558
2018-08-15 12:18:38,11,26778
2003-05-05 10:29:26,11,16245
2003-04-04 19:11:55,11,10515
2020-08-09 16:51:38,11,30761
2011-02-11 08:53:32,11,11045
2020-01-31 12:17:08,11,27815
2012-03-03 14:00:58,11,20737
2002-04-08 05:36:31,11,18742
2010-02-09 15:47:03,11,14356
2014-06-04 15:46:24,12,9101
2014-05-15 07:48:12,12,21442
2016-11-18 21:02:30,12,31082
2015-03-29 14:51:28,12,870
2023-04-12 02:13:55,12,31354
2008-01-30 23:06:54,12,5904
2016-09-19 01:59:05,12,23825
2011-08-31 02:59:43,12,10948
2019-02-22 21:35:30,12,28210
2007-11-28 16:41:21,13,10864
2009-03-12 18:32:55,13,27230
2004-02-26 09:55:30,13,27047
2001-01-21 17:52:43,13,25427
2019-11-03 13:37:11,13,15477
2019-06-03 02:28:20,13,28227
2009-06-26 14:14:38,13,8668
2023-06-16 15:57:37,13,21770
2021-06-06 20:41:00,13,7142
2011-10-26 09:20:22,13,8768
2010-03-26 18:08:44,13,28708
2021-10-08 02:00:56,13,17801
2006-05-06 05:46:10,13,2096
2016-06-07 07:38:33,13,26917
2011-03-17 05:59:09,13,25615
2001-01-10 09:00:50,13,4365
2015-07-23 11:19:13,13,27814
2002-02-22 17:46:37,13,550
2017-12-23 07:18:49,13,2708
2001-09-30 07:58:42,13,7555
2007-08-06 13:23:43,13,25196
2005-08-13 08:30:56,14,3787
2005-07-03 18:08:53,14,4069
2004-04-29 02:46:00,14,18389
2001-08-01 06:33:06,14,11361
2021-11-16 18:33:29,14,34202
2015-08-08 08:56:55,14,33771
2011-04-04 14:57:56,14,18231
2003-02-20 09:21:09,15,25805
2020-05-10 06:58:39,15,997
2021-09-17 06:40:48,15,7427
2018-04-27 16:46:55,15,16626
2009-06-25 23:22:10,15,30999
2001-06-13 06:44:54,15,15216
2013-12-10 17:05:04,15,16163
2021-03-05 13:30:34,15,3582
2004-01-05 19:39:27,15,8003
2018-02-18 23:19:17,15,33401
2003-01-12 02:34:05,15,13119
2003-04-10 22:34:23,15,29640
2014-04-05 09:48:10,15,11863
2006-03-02 14:29:36,15,19118
2011-12-30 02:18:17,15,25546
2005-02-03 18:59:06,15,28949
2015-05-17 00:45:52,15,32392
2016-01-06 11:26:58,15,31983
2006-08-14 01:24:56,15,939
2018-10-17 23:45:23,15,3956
2010-03-20 12:50:47,15,7882
2020-07-04 12:56:17,15,19767
2010-10-23 04:02:36,15,7008
2000-08-24 19:55:07,15,732
2003-12-05 12:24:26,15,25166
2015-12-17 19:11:07,15,8938
2013-02-14 11:02:45,15,11344
2021-09-14 11:14:37,15,27801
2012-08-18 20:33:37,16,4636
2003-07-16 02:35:09,16,26717
2022-06-04 08:11:18,16,8531
2007-04-18 06:12:04,16,26358
2001-02-20 13:28:48,16,1826
2022-09-26 08:48:47,16,29539
2010-02-26 21:00:37,16,34454
2002-05-19 18:22:56,16,18907
2005-08-13 06:04:20,16,32373
2010-09-05 21:06:43,16,31582
2022-10-02 00:57:39,16,4755
2022-07-09 02:05:06,16,11818
2003-08-28 14:46:09,16,13049
2006-06-17 09:14:21,16,15007
2016-04-04 22:53:10,16,2700
2020-09-15 02:00:38,16,1851
2015-01-11 06:17:19,16,29372
2006-09-29 17:53:32,16,33890
2008-07-27 01:31:13,16,34298
2000-01-20 08:43:23,16,20952
2006-11-04 05:40:20,16,7683
2005-06-27 22:55:47,16,19200
2002-08-21 13:02:23,16,15346
2018-01-27 16:09:13,16,3238
2008-01-05 16:53:39,16,19909
2014-11-06 22:50:35,16,3164
2007-09-15 09:04:44,16,7486
2006-05-01 18:16:55,16,23977
2022-07-23 12:35:08,16,10599
2022-02-10 03:07:00,16,34610
2021-08-13 14:52:57,16,33843
2021-08-26 22:36:12,16,2820
2018-07-03 19:55:16,17,6830
2009-03-29 22:35:47,17,12769
2004-05-24 23:46:06,17,3703
2008-09-11 13:43:00,17,24519
2004-02-12 07:17:15,17,26711
2019-11-19 00:55:25,17,31635
2010-11-23 13:39:25,17,10789
2000-02-28 21:43:46,17,15005
2008-12-14 07:51:00,17,18354
2019-02-17 18:31:06,17,1871
2001-09-28 15:31:03,17,11115
2006-09-20 07:53:25,17,33057
2001-10-29 18:14:29,17,11760
2008-11-26 13:53:48,17,9108
2008-07-27 13:33:36,17,27671
2018-01-09 15:14:58,17,9165
2012-11-08 22:20:16,17,26248
2006-05-10 06:14:29,17,12214
2008-05-04 22:16:45,17,28206
2011-03-24 08:35:48,17,15533
2021-08-07 01:52:38,17,1972
2023-11-02 18:46:31,17,25470
2008-04-17 07:52:32,17,14406
2014-03-11 01:20:57,17,34514
2009-10-07 04:33:42,17,3503
2011-05-02 05:09:53,17,4262
2004-04-20 15:15:28,17,26488
2001-08-19 04:46:14,17,23509
2021-06-17 23:42:23,18,8153
2013-05-23 20:15:08,18,12323
2007-04-22 23:50:33,18,30302
2007-10-04 10:52:16,18,15668
2016-03-09 10:09:20,18,8009
2009-04-18 22:44:17,18,550
2013-10-19 03:37:01,19,1432
2007-09-01 00:41:57,19,31209
2009-04-12 10:57:50,19,3456
2012-07-29 02:34:00,19,25704
2018-07-15 07:15:05,19,2249
2018-06-15 08:40:10,19,9599
2016-10-12 14:20:01,19,11085
2000-03-18 10:26:51,19,32791
2003-09-02 22:40:13,19,17840
2012-05-18 14:15:27,19,34544
2010-03-22 20:22:56,19,27620
2008-09-03 00:14:06,19,6126
2008-02-04 01:05:25,19,2937
2008-05-03 13:35:57,19,21362
2003-12-08 08:39:03,19,30508
2015-01-19 00:13:07,19,33921
2020-02-10 10:50:12,19,32548
2023-01-28 12:34:15,19,4745
2022-04-10 06:54:38,20,23920
2007-07-23 12:06:35,20,723
2002-05-30 00:40:45,20,1185
2023-12-25 14:13:02,20,9439
2008-06-04 10:42:28,20,26450
2010-01-06 03:42:47,20,26225
2010-11-07 11:28:33,20,25348
2014-06-23 15:10:28,20,16072
2007-12-09 17:45:40,20,25467
2008-08-24 13:03:38,20,9343
2018-04-12 03:01:04,20,8240
2017-04-13 06:17:43,20,22120
2013-07-01 22:07:16,20,28823
2015-01-28 01:57:18,20,28453
2010-12-20 15:34:32,21,16336
2023-07-18 14:04:44,21,18029
2017-03-15 14:38:06,21,26698
2021-06-28 05:10:33,21,4797
2007-09-24 23:09:36,21,30866
2001-04-09 12:41:05,21,7938
2012-04-03 00:10:46,21,21750
2009-07-16 14:42:49,21,6885
2000-11-06 05:47:37,21,27644
2012-11-17 04:21:41,21,6885
2008-01-30 14:14:27,21,7434
2014-01-19 04:57:04,21,971
2002-05-06 11:47:20,21,19204
2009-09-20 02:31:32,21,15031
2023-10-18 01:31:09,21,24567
2014-12-01 04:50:11,21,2591
2005-05-11 13:11:12,21,18229
2003-10-20 09:50:29,21,31055
2022-03-29 17:39:54,21,33239
2014-01-31 15:20:14,21,20462
2017-04-30 20:33:02,21,6067
2003-08-30 19:43:18,22,4806
2011-07-24 09:46:31,22,23909
2006-02-21 22:38:23,22,25394
2003-12-09 01:33:13,22,4567
2014-09-17 22:22:46,22,14957
2019-09-21 23:26:59,22,30046
2015-06-04 02:52:38,23,4873
2001-04-08 02:00:40,23,5093
2005-09-13 20:45:21,23,19412
2011-09-16 20:06:12,23,26532
2016-11-29 01:21:49,23,1714
2004-04-21 22:22:41,23,2598
2004-02-04 15:38:47,23,26770
2017-04-17 11:12:50,23,27486
2001-08-02 20:11:12,23,10477
2007-12-28 03:51:11,23,30007
2002-03-24 01:59:24,23,12443
2008-11-08 19:01:58,24,28957
2002-03-08 04:00:45,24,2398
2017-11-13 17:18:46,24,17139
2000-11-24 22:06:45,24,4772
2005-04-05 11:37:46,24,13041
2014-05-24 00:19:26,24,21
2005-05-15 06:19:47,24,17719
2003-01-28 19:27:36,24,20621
2015-10-31 08:06:40,24,34350
2019-08-27 02:05:39,24,19083
2020-09-28 05:27:46,24,13070
2002-09-03 18:18:19,24,2015
2021-02-20 03:40:55,24,21211
2017-08-21 16:52:08,24,27933
2016-10-16 04:47:53,24,26698
2021-08-16 13:13:15,24,2464
2001-02-16 01:46:21,24,21392
2005-11-11 07:10:34,24,28164
2012-05-29 08:33:05,24,18452
2009-03-01 02:21:55,24,22791
2010-06-08 21:07:30,24,1942
2002-07-02 14:42:27,24,23498
2017-07-15 19:19:31,24,3993
2011-03-20 07:45:19,24,3699
2017-02-22 13:29:40,24,26276
2023-02-23 19:32:25,24,29422
2012-11-02 20:03:55,24,19023
2002-03-02 01:03:01,25,15680
2015-07-06 11:51:09,25,9296
2003-12-22 00:51:49,25,20549
2002-06-17 17:53:27,25,4148
2007-03-21 20:05:55,25,13016
2023-02-06 17:46:18,25,590
2004-03-02 04:46:06,25,30872
2001-04-17 16:07:44,25,25718
2006-12-14 09:28:04,25,15111
2023-01-13 13:17:35,25,34547
2004-05-05 15:41:54,25,28465
2007-03-09 12:30:59,25,26198
2005-06-01 07:11:35,25,34343
2020-05-20 09:42:29,25,28950
2009-01-06 08:37:57,25,30801
2007-04-30 03:34:39,25,11029
2012-09-01 11:23:02,25,19055
2016-02-17 05:02:06,25,30132
2014-12-25 07:30:04,25,24424
2022-03-21 16:50:09,25,8104
2006-10-27 14:48:09,26,26886
2019-02-07 12:17:26,26,15761
2009-06-08 21:00:41,26,23876
2002-04-09 12:58:48,27,32394
2005-12-07 21:09:00,27,2327
2013-10-26 07:02:44,27,32213
2022-10-20 03:20:12,27,27022
2011-12-29 19:09:16,27,13900
2000-02-09 10:56:13,27,21254
2021-12-03 17:21:26,27,724
2006-06-06 04:36:18,27,21851
2010-05-20 11:16:49,27,6994
2005-03-19 16:28:21,28,1034
2011-09-05 02:05:58,28,17959
2007-10-29 12:52:12,28,28194
2010-07-15 19:25:08,28,8408
2016-02-22 15:13:19,28,3481
2023-07-26 09:27:46,28,14603
2020-07-21 00:44:43,28,25696
2008-07-04 20:57:49,28,492
2015-02-20 03:58:30,28,30528
2014-05-25 21:55:57,28,19851
2022-04-27 23:15:19,29,13857
2006-02-09 09:31:51,29,34126
2021-02-28 01:42:59,29,26926
2018-06-07 17:20:40,29,2633
2006-04-25 17:32:13,29,25581
2006-12-06 09:22:22,29,9502
2014-02-24 12:24:09,29,21513
2007-07-21 22:43:23,29,32190
2003-04-17 16:00:56,29,25597
2018-03-15 01:11:14,29,29837
2023-01-10 14:44:59,29,10255
2010-12-11 07:02:16,29,2353
2006-05-05 06:03:36,29,25207
2006-06-19 18:09:31,29,17986
2016-11-16 13:53:35,29,17947
2017-11-03 12:47:30,29,26805
2007-09-26 15:25:09,29,4624
2008-07-10 01:57:35,29,28524
2020-03-20 00:52:49,29,16943
2017-10-14 23:27:25,29,29984
2015-09-26 13:38:46,29,18527
2013-04-09 14:46:20,29,26251
2009-07-03 12:25:08,29,18787
2019-04-14 08:20:45,29,6763
2023-11-05 05:23:19,29,12084
2006-08-31 12:35:08,29,30245
2001-02-15 15:08:46,30,2711
2019-08-07 17:15:49,30,7101
2019-07-19 12:16:33,30,34021
2005-11-10 23:13:34,30,888
2003-07-02 19:23:34,30,6099
2012-11-19 03:23:20,30,4263
2019-11-11 00:28:46,30,25109
2021-10-17 11:36:39,30,30225
2016-09-11 21:11:46,30,23701
2021-02-02 05:30:16,30,11835
2009-02-08 15:20:49,30,9909
2015-07-13 13:36:29,30,1849
2008-03-14 13:18:28,30,15691
2022-02-18 10:17:59,30,26551
2016-12-30 02:33:17,30,9775
2006-12-19 16:24:13,30,28947
2009-03-07 07:07:21,30,14484
2022-09-06 18:07:08,30,6365
2014-08-27 01:09:41,30,12715
2010-04-16 06:14:18,30,38
2019-05-30 15:17:20,30,10935
2001-08-09 19:18:32,30,33973
2002-04-24 10:43:07,30,2904
2020-08-09 07:29:41,30,9862
2021-10-28 08:30:11,30,33093
2000-11-09 15:43:01,30,5169
2008-03-14 08:49:30,30,31421
2009-10-31 07:26:47,30,8498
2014-05-17 07:42:42,30,23452
2007-08-03 18:24:45,30,26022
2015-07-11 17:26:56,30,32610
2018-06-24 08:36:01,30,14038
2022-05-04 06:07:16,31,20753
2016-12-19 18:20:01,32,14906
2016-06-15 05:04:23,32,1027
2010-12-29 00:11:58,32,13321
2009-01-30 07:39:50,32,28268
2015-04-05 07:10:54,32,33418
2000-03-11 13:02:51,32,20069
2018-07-06 11:41:40,32,33449
2002-04-15 03:49:02,32,3239
2014-07-25 06:31:57,32,18453
2014-07-12 03:02:46,33,32654
2003-05-10 03:29:03,33,23411
2012-11-02 22:59:17,33,29953
2021-05-27 02:07:12,34,25369
2000-03-19 01:32:46,34,16506
2010-09-08 09:16:03,34,18054
2020-02-10 14:07:32,34,5075
2011-01-01 05:59:26,34,28313
2023-09-11 21:35:56,34,19478
2006-05-11 13:51:06,34,30003
2009-07-18 16:59:31,34,12682
2006-02-01 00:15:23,35,19450
2008-06-08 06:15:42,35,29236
2000-03-01 20:49:39,35,25518
2001-02-23 09:42:08,35,14028
2010-12-12 01:04:04,35,19594
2017-02-18 17:40:45,35,4920
2000-06-02 10:32:31,35,28580
2000-11-18 19:34:19,35,15880
2001-04-07 17:47:57,35,18029
2003-04-07 02:37:53,35,6016
2022-11-05 18:22:29,35,1135
2002-05-05 16:57:59,35,32472
2009-11-17 05:26:54,35,25866
2023-02-16 05:22:01,35,22736
2022-04-02 15:50:51,35,12238
2016-10-05 03:28:13,35,22675
2000-06-04 09:02:20,35,15431
2005-03-13 08:14:02,35,18765
2011-04-02 16:44:24,35,2980
2015-06-01 04:32:06,35,26260
2023-03-20 03:08:21,35,21569
2008-09-17 22:22:35,35,23624
2018-07-22 09:24:44,35,14018
2022-05-03 20:15:20,36,26030
2001-07-31 00:54:46,36,1999
2000-07-10 19:37:03,36,12688
2021-10-09 07:24:40,36,24642
2005-03-22 13:54:06,36,5972
2021-09-14 19:12:30,36,30375
2018-02-28 12:00:19,36,7814
2022-03-20 01:32:36,36,33800
2023-02-27 00:22:29,36,387
2018-03-24 02:34:59,36,7682
2017-01-01 10:42:54,36,10664
2011-04-20 17:46:13,36,14396
2004-12-17 16:30:11,36,3101
2019-10-19 16:04:32,36,23368
2000-09-06 06:58:23,36,20168
2019-11-13 17:25:05,36,18548
2005-12-26 05:13:08,36,26619
2002-01-11 19:10:35,36,4611
2000-06-07 16:15:15,36,29526
2023-12-06 11:19:29,36,21703
2013-09-04 05:28:58,36,19538
2017-06-03 11:08:10,36,5867
2019-02-25 08:04:44,36,15697
2016-08-23 18:07:54,36,7363
2010-02-03 09:42:15,36,28243
2002-06-07 23:38:54,36,24162
2004-07-05 19:55:01,36,11610
2019-10-17 13:24:35,36,33046
2000-10-06 23:39:45,36,11302
2000-07-07 11:03:39,36,26029
2018-09-25 06:00:11,37,27459
2004-08-08 10:38:00,37,30470
2010-11-09 09:58:22,37,24087
2000-10-07 09:16:19,37,10179
2008-12-16 15:38:21,37,31523
2008-07-14 01:14:23,37,19833
2018-04-12 22:11:15,37,22849
2023-01-01 04:27:09,37,6079
2001-03-01 09:31:36,37,34251
2010-05-21 17:16:49,37,28593
2021-05-21 14:10:51,37,21895
2005-06-23 16:23:16,37,24090
2019-10-03 07:45:10,37,17179
2006-03-31 19:51:53,37,28870
2016-01-28 23:40:49,37,7059
2002-05-17 07:24:34,38,11948
2010-08-22 00:46:54,38,50
2002-02-01 06:27:49,38,3745
2002-09-02 07:59:35,38,24646
2023-09-08 21:39:39,38,16179
2002-04-17 06:10:56,38,29454
2005-07-20 17:51:35,38,4680
2009-09-14 15:03:45,39,709
2008-07-09 02:26:54,39,13635
2004-06-06 12:04:42,39,3697
2002-11-22 02:15:32,39,8141
2010-01-27 08:55:51,39,31115
2006-06-04 22:58:05,39,16230
2008-08-02 10:14:17,39,7754
2012-07-04 20:05:31,39,3240
2015-08-04 16:07:19,39,12796
2019-02-01 21:04:27,39,12202
2004-04-13 06:28:35,39,922
2009-03-14 13:27:56,39,28915
2019-09-14 00:02:47,39,26269
2000-11-21 05:27:45,39,13784
2016-08-31 20:44:27,39,6778
2011-07-04 04:13:23,39,29421
2007-03-05 17:58:22,39,6145
2001-12-05 18:45:54,39,20553
2005-09-11 18:31:13,39,10097
2011-05-09 09:46:58,39,22843
2012-07-24 02:10:44,40,18232
2018-09-02 01:58:56,40,547
2004-06-21 21:27:20,40,33288
2010-05-11 09:49:10,40,20128
2010-10-29 23:50:37,40,4156
2005-10-16 18:10:58,40,384
2021-08-11 11:13:27,40,29605
2018-04-01 07:12:26,40,21249
2005-04-25 01:52:16,40,4116
2001-01-15 22:23:05,40,27758
2023-03-06 11:28:18,40,15450
2012-08-17 09:39:11,40,28260
2000-08-22 13:50:06,40,33021
2008-05-17 16:10:51,40,7943
2014-10-14 16:14:26,41,7441
2016-07-06 09:36:14,41,6230
2011-06-11 20:03:27,41,8807
2021-12-27 04:53:05,41,12378
2012-01-12 03:59:27,41,4555
2004-02-13 02:58:16,41,18654
2011-06-17 11:16:46,41,18909
2009-05-10 18:11:58,41,16402
2020-07-02 10:00:55,41,17765
2007-05-02 00:55:50,42,34180
2001-08-04 17:48:31,42,1767
2005-05-04 14:30:19,42,25520
2001-03-23 10:52:14,42,29624
2010-07-19 13:31:17,42,16056
2019-03-25 18:32:52,42,27709
2014-05-14 05:02:55,42,560
2010-12-10 21:35:58,42,11010
2020-12-07 09:53:15,42,29731
2023-12-03 07:51:51,42,3272
2001-11-13 23:48:27,42,20083
2009-07-21 00:30:29,42,1900
2008-09-29 13:58:44,42,7175
2020-11-24 15:22:44,42,29507
2006-06-12 19:11:16,42,3342
2012-03-10 04:16:55,42,12004
2009-01-19 23:17:15,42,12147
2006-04-01 18:47:54,42,4303
2015-08-27 08:26:57,42,15416
2012-06-03 17:09:16,42,19455
2002-03-14 16:19:11,42,10664
2001-12-20 22:09:39,42,8315
2003-12-27 08:54:01,42,29253
2016-09-30 04:14:08,42,5708
2016-11-24 23:17:13,42,17214
2011-08-03 05:30:55,42,29277
2023-03-24 15:22:08,42,9732
2011-05-29 14:44:26,43,32709
2016-12-18 15:48:55,43,3792
2002-05-31 13:16:33,43,1893
2017-09-21 16:15:53,43,21594
2022-08-26 04:00:14,43,34419
2015-06-05 23:32:53,43,5053
2014-03-04 02:46:36,43,15171
2010-04-14 23:12:04,43,34116
2015-07-30 23:38:52,43,28897
2002-11-08 09:12:54,43,29624
2023-09-02 00:10:39,43,3572
2016-12-24 15:02:47,44,30039
2011-02-23 20:55:44,44,3645
2005-04-14 07:34:21,45,18841
2004-09-20 09:05:23,45,6881
2019-05-03 06:52:11,45,4957
2008-02-03 12:26:10,45,17946
2008-03-10 23:03:55,45,28220
2015-06-11 14:53:51,45,23274
2006-08-15 01:16:54,45,7597
2018-05-10 14:49:50,45,8743
2005-05-22 11:22:48,45,26976
2009-06-23 00:52:15,45,15931
2013-04-05 05:51:53,46,13979
2012-08-04 04:04:40,46,7928
2010-12-15 01:43:58,46,11569
2017-04-17 21:11:34,46,30982
2022-12-08 10:44:59,46,9968
2014-02-23 19:29:16,46,4944
2022-03-12 15:34:43,46,1830
2016-07-07 17:19:42,46,33927
2004-03-07 20:26:42,46,4195
2011-02-24 00:12:07,46,17995
2007-03-20 20:23:20,46,9674
2019-05-07 01:53:24,46,8539
2003-02-10 04:01:49,46,28449
2005-09-21 05:05:35,46,30995
2017-04-21 21:23:33,46,31968
2011-03-02 05:15:46,46,15721
2009-04-21 04:49:39,46,6543
2009-12-14 12:45:42,46,4262
2017-03-28 09:47:00,46,25088
2007-01-03 02:12:09,46,8633
2008-11-08 15:00:22,46,30453
2018-06-16 05:30:12,46,7348
2003-07-17 20:15:38,46,8372
2000-08-02 20:36:05,46,16688
2019-08-06 18:09:52,46,27546
2004-12-31 02:27:13,46,7253
2014-01-26 13:39:11,46,26433
2002-07-16 01:55:19,46,29836
2005-12-19 05:37:47,46,8702
2016-08-26 04:59:21,46,31473
2004-01-07 12:27:39,46,9242
2005-07-15 11:26:45,46,23699
2004-07-28 18:48:23,47,15421
2023-01-03 14:59:10,47,31806
2006-03-24 07:36:05,47,15654
2014-03-29 07:03:50,47,4953
2008-05-02 10:31:27,47,31653
2008-06-15 10:06:30,47,2655
2016-12-17 12:46:24,47,22479
2022-01-14 01:09:18,47,34481
2022-01-09 08:42:39,48,19030
2013-08-12 04:25:00,48,1345
2018-07-20 05:32:22,48,26584
2017-08-27 01:45:20,48,10668
2008-10-15 03:45:00,48,5706
2023-02-03 02:22:03,48,25604
2014-08-04 00:36:31,48,31717
2016-01-05 07:38:35,48,33623
2011-11-14 13:57:47,48,8463
2018-01-31 13:33:59,48,22777
2003-10-11 01:35:37,48,1908
2016-03-25 21:44:53,48,17928
2023-06-02 19:08:31,48,18624
2012-09-27 09:15:49,48,3486
2022-08-30 14:48:42,48,26414
2000-10-20 08:38:01,48,9772
2004-10-18 09:42:11,48,31864
2010-06-18 22:34:52,48,50
2008-05-14 16:27:53,48,11310
2015-06-13 12:08:25,48,12802
2020-06-16 15:32:27,48,11350
2000-09-14 17:11:26,48,15423
2007-01-30 15:07:39,48,33898
2008-07-19 12:09:24,48,22723
2013-03-13 06:09:49,48,4454
2017-05-05 14:16:40,48,9906
2002-04-04 05:22:35,48,18867
2008-08-12 22:41:21,48,10835
2015-05-11 13:59:34,48,18543
2023-01-04 04:02:30,48,27305
2020-08-08 00:09:39,48,5275
2018-03-26 22:40:04,48,31803
2012-07-28 23:57:00,49,25012
2021-10-06 14:43:50,49,9648
2009-07-25 12:42:20,49,9621
2006-10-11 15:33:30,49,7129
2011-10-17 02:29:52,49,19831
2021-11-03 17:49:54,49,30872
2008-06-08 10:09:44,49,9588
2004-12-09 21:45:00,49,18790
2001-06-21 14:11:11,49,34850
2011-05-31 22:43:00,49,29773
2014-07-01 00:57:29,49,8447
2023-07-28 00:27:50,49,24017
2013-08-05 01:03:57,49,29257
2009-10-10 06:10:39,49,13286
2011-12-17 03:32:40,49,2735
2002-05-09 05:25:50,49,28323
2001-06-30 23:33:03,49,26323
2008-08-19 12:31:50,49,31798
2007-08-22 00:16:37,49,29611
2010-01-14 03:12:48,50,8498
2005-08-31 04:46:59,50,9964
2003-02-04 14:46:49,50,7380
2022-04-19 03:36:57,50,2856
2017-02-23 20:22:46,50,21156
2015-11-01 02:49:38,50,734
2018-12-19 01:37:29,50,3825
2020-09-02 08:30:40,50,28029
2005-09-16 21:05:57,50,29206
2010-07-13 22:45:11,50,8624
2022-12-09 07:34:16,50,25350
2023-09-23 20:09:25,50,7289
2003-02-12 23:42:43,50,20371
2023-07-08 16:04:30,50,19008
2016-05-01 13:54:15,50,4124
2015-01-31 22:17:48,50,25723
2000-11-24 04:19:01,50,9676
2008-08-19 06:25:52,50,34839
2005-11-30 18:30:35,50,10895
2005-04-23 17:02:38,50,9779
2013-10-29 03:31:56,51,24451
2016-01-27 10:41:13,51,33215
2021-07-07 15:30:14,51,7038
2007-06-10 11:46:58,51,7759
2011-10-25 12:48:05,51,564
2017-08-06 20:10:01,52,372
2010-12-06 12:49:27,52,26138
2021-09-16 07:20:15,52,21757
2019-12-12 07:11:11,52,30089
2013-08-16 12:01:12,52,3719
2017-10-21 17:51:42,52,10779
2021-07-03 20:33:04,52,8142
2009-09-14 15:58:56,52,12174
2000-07-08 06:14:59,52,33597
2020-08-23 18:53:47,52,24419
2000-03-22 20:18:10,53,1021
2020-08-23 07:04:11,53,1752
2004-10-25 03:20:24,53,12010
2003-07-29 13:34:04,53,15721
2013-07-20 06:42:37,53,10954
2012-06-30 22:03:31,53,1140
2006-12-14 23:16:04,54,15903
2021-06-21 14:29:26,54,21382
2017-01-27 19:01:20,54,22898
2003-12-30 19:36:17,54,29894
2012-11-01 17:24:21,54,19765
2021-02-23 09:59:40,54,19104
2018-12-18 14:46:59,54,13917
2001-07-27 09:58:21,54,13982
2019-02-26 21:53:58,54,6095
2000-08-01 19:59:56,54,30530
2005-12-16 12:16:15,54,4580
2015-05-04 00:50:00,54,19371
2010-01-21 23:38:07,54,334
2015-10-13 21:09:42,54,9811
2014-10-15 05:32:00,55,31866
2009-01-02 23:13:47,55,11978
2023-03-21 09:16:20,55,28527
2002-11-17 18:00:53,55,6026
2004-02-28 20:00:45,55,27813
2003-08-03 21:13:43,55,13567
2018-11-21 12:04:30,55,10635
2005-10-21 14:24:30,55,22649
2007-02-18 11:06:02,55,817
2023-05-05 06:30:03,55,13335
2010-12-05 14:50:27,55,9077
2016-06-22 01:35:35,55,24417
2006-12-24 11:30:57,55,22888
2001-11-09 23:09:13,55,18767
2010-04-12 18:53:37,55,28454
2009-12-25 12:11:51,55,11708
2000-01-06 00:46:41,55,31033
2005-09-07 10:21:18,55,24346
2011-06-12 10:18:32,55,19383
2016-04-19 23:12:18,55,111
2008-08-17 19:22:28,55,5174
2010-08-09 15:38:44,55,4729
2022-05-21 19:08:51,55,20758
2005-02-11 17:20:00,55,22652
2005-06-13 23:14:40,55,11208
2008-09-03 07:36:17,55,26246
2003-08-15 00:20:20,55,15675
2023-09-04 09:04:18,55,30444
2001-10-30 09:17:34,55,3885
2020-10-07 05:59:11,55,34640
2005-02-11 07:31:59,55,20320
2016-01-26 09:21:46,55,1430
2014-11-04 13:14:52,55,23166
2023-11-19 07:20:14,56,30556
2018-10-13 19:07:51,56,34282
2001-12-16 20:23:16,56,13093
2002-06-06 09:55:23,56,26437
2016-10-29 18:25:09,56,13302
2000-11-20 12:01:50,56,19081
2023-08-31 05:46:08,56,7860
2003-12-30 00:38:47,56,3622
2007-12-04 05:19:20,56,15200
2012-10-18 23:21:10,56,29452
2015-04-27 00:00:48,56,31423
2010-10-16 00:57:38,56,15799
2014-07-27 23:20:44,56,3606
2010-03-29 12:06:58,56,28560
2010-12-31 14:55:55,57,9898
2002-11-25 12:37:51,57,27849
2018-04-25 02:30:29,57,557
2010-06-20 04:22:51,57,31171
2004-02-09 05:36:37,57,33276
2008-12-03 12:34:01,57,32651
2012-06-24 18:46:43,57,24540
2017-06-12 22:28:00,57,12106
2020-04-28 13:29:34,57,4926
2010-01-28 14:32:17,57,31459
2016-04-01 09:32:55,57,34347
2021-11-20 10:24:18,57,5847
2006-04-12 03:20:21,57,26559
2001-07-29 19:27:58,57,1830
2015-11-15 03:30:27,57,13127
2010-06-06 09:56:38,57,24715
2007-09-06 10:36:43,57,7513
2021-02-08 21:18:56,57,16366
2023-03-01 05:00:36,57,24324
2016-06-12 09:02:48,57,3860
2016-08-09 00:07:53,57,28105
2010-07-31 21:52:30,57,7361
2018-04-19 01:11:08,57,19477
2022-06-25 17:08:12,57,1061
2020-10-20 07:42:32,57,26951
2020-08-27 04:10:28,57,3284
2011-09-14 13:41:25,57,16337
2012-09-02 14:10:48,57,9510
2015-04-23 00:24:36,57,27967
2001-06-18 00:54:16,57,2385
2013-02-06 21:11:30,58,2245
2011-02-04 11:00:23,58,24096
2016-01-12 05:07:00,58,10241
2009-06-16 23:34:49,58,15443
2017-07-14 18:43:14,58,26589
2010-09-28 01:29:07,58,30182
2004-02-18 08:20:32,58,763
2012-03-09 21:27:08,58,7048
2004-10-08 05:40:52,58,17746
2000-08-10 04:04:38,58,13002
2023-08-29 23:23:55,58,6484
2009-02-27 21:58:28,58,6823
2003-11-09 11:39:16,58,7879
2000-07-09 02:57:39,58,6371
2009-09-27 05:07:01,58,34749
2019-11-09 08:45:51,58,3283
2013-08-16 13:32:35,58,27339
2010-01-01 07:06:16,58,4363
2017-11-04 05:52:54,58,15765
2007-02-27 13:20:18,58,31022
2001-10-30 07:58:14,58,19865
2021-04-19 16:14:21,58,26790
2008-12-29 20:15:32,59,29855
2018-01-01 17:15:05,59,19184
2008-12-31 22:05:21,59,139
2011-08-24 19:26:12,59,21184
2014-04-03 17:02:24,59,229
2021-07-27 07:15:36,59,29933
2022-02-17 19:53:00,59,9149
2006-12-25 00:38:42,59,5178
2003-02-19 12:33:57,59,21450
2003-05-07 09:17:04,59,13615
2008-05-10 12:32:12,59,12885
2021-02-12 22:43:09,59,18837
2005-01-18 06:45:20,59,11024
2002-11-10 23:09:21,59,14391
2008-02-17 03:36:19,59,20244
2023-03-11 22:24:34,59,23141
2011-06-15 06:27:35,59,8027
2016-11-25 14:29:41,59,21670
2017-11-17 06:42:16,59,24113
2014-04-12 08:30:38,59,9879
2011-12-09 07:45:57,59,33627
2000-01-21 19:57:38,59,28453
2015-12-07 10:00:26,59,18562
2003-12-04 10:35:20,60,31719
2007-11-13 02:39:24,60,12199
2009-04-02 17:24:38,60,32356
2019-01-23 07:41:30,60,5874
2009-03-30 14:06:25,60,33763
2022-03-04 17:08:04,60,2484
2006-07-22 03:30:26,61,3901
2012-03-11 22:05:26,61,982
2011-01-05 20:38:41,61,15051
2021-04-22 06:14:17,61,30409
2021-04-11 23:09:30,61,11837
2014-11-18 08:50:38,61,22195
2013-07-27 02:12:11,61,4889
2015-04-27 02:27:48,61,31171
2006-12-02 06:16:24,61,9672
2016-04-23 15:44:55,61,14320
2020-07-29 03:41:59,61,6700
2016-01-18 11:10:42,61,12893
2000-04-08 14:53:21,61,21862
2011-10-30 05:02:09,61,6666
2021-06-01 14:59:08,61,16401
2015-10-16 17:49:37,61,204
2020-12-08 12:00:55,61,260
2001-07-26 19:07:37,61,12674
2019-04-12 06:55:52,61,20735
2009-03-28 22:00:02,61,26920
2015-10-01 16:45:42,61,10762
2015-11-11 13:05:25,61,7170
2021-05-23 03:37:35,61,30915
2006-10-23 04:12:41,62,18860
2015-07-28 19:49:58,62,29372
2020-02-20 08:32:48,62,10324
2021-01-08 23:47:49,62,2877
2003-11-21 06:14:12,62,8186
2004-10-03 03:32:09,62,27240
2008-01-21 13:40:28,62,23103
2001-03-05 19:31:45,62,19864
2003-02-06 21:05:30,62,3904
2018-10-24 18:39:03,62,2339
2014-08-24 06:44:48,62,34399
2016-04-17 15:56:24,62,12402
2015-04-06 05:24:05,62,26494
2011-02-03 06:52:11,62,1177
2017-04-08 21:29:13,62,11800
2016-08-31 18:08:52,62,32532
2016-09-18 15:59:42,62,11566
2006-07-20 23:32:48,62,12722
2000-01-23 03:27:58,62,8471
2014-07-26 00:56:14,62,34138
2014-03-11 02:02:10,62,32753
2018-11-07 22:40:59,62,1150
2015-02-04 13:37:34,62,12828
2013-02-16 17:56:20,62,23631
2006-08-29 11:32:10,62,2399
2008-12-21 06:47:53,62,11097
2009-01-24 06:25:54,62,30809
2022-05-12 08:10:22,63,18997
2010-03-04 15:54:35,63,34473
2007-06-16 23:41:27,63,15414
2017-03-01 13:07:06,63,18744
2000-08-27 14:19:43,63,28465
2014-08-07 13:56:32,63,29980
2001-11-16 01:51:10,63,19844
2016-04-29 20:08:09,63,31756
2013-11-28 12:11:38,63,4692
2014-08-31 19:25:27,64,170
2011-03-07 15:52:13,64,29681
2014-02-01 06:13:08,64,5911
2014-01-18 21:46:54,64,28621
2005-03-05 11:38:42,64,22562
2017-02-28 08:27:50,64,5
2015-04-11 14:34:51,64,30655
2018-08-03 02:03:57,64,30450
2005-01-22 00:34:16,64,13864
2019-03-10 00:11:58,64,33224
2006-09-12 14:14:37,64,19527
2006-11-29 07:03:39,64,4242
2019-08-31 10:59:11,64,34926
2003-06-16 05:23:16,64,13558
2002-03-29 10:42:00,64,33115
2013-01-18 22:12:33,64,12330
2021-09-13 21:17:08,64,3361
2008-04-02 10:30:31,64,2046
2022-11-29 06:10:33,64,31027
2002-01-02 18:58:23,64,34843
2011-10-21 22:18:45,64,7201
2020-01-12 09:49:39,64,3288
2013-02-25 01:27:01,64,14681
2006-07-07 20:49:49,64,3376
2009-08-21 01:17:18,64,26939
2003-10-02 01:27:43,64,25080
2001-12-08 06:21:26,64,23536
2005-09-06 10:27:19,64,25507
2020-03-23 03:44:53,65,16336
2023-08-13 02:10:14,65,23240
2000-04-03 19:41:13,65,16616
2005-07-01 13:39:08,65,7931
2018-09-05 08:24:04,66,24
2003-06-09 02:00:13,66,31460
2009-02-17 10:03:53,66,17170
2004-05-04 21:09:10,66,23735
2010-12-02 21:06:25,66,26169
2005-11-30 20:02:44,66,9723
2003-04-11 14:10:01,66,19849
2012-05-29 01:04:44,66,34166
2005-03-15 14:40:15,66,6984
2023-01-12 04:08:23,66,30016
2003-08-02 19:59:32,66,34987
2014-11-01 04:28:30,66,17139
2006-12-04 07:31:19,66,19187
2019-06-01 06:41:17,66,4704
2021-10-12 02:26:24,66,22587
2009-01-25 13:32:47,66,23101
2013-07-17 13:09:55,67,15208
2010-12-28 22:30:02,67,14019
2016-12-31 04:48:48,67,242
2019-08-07 19:28:40,67,34499
2022-02-04 15:37:10,67,18557
2017-12-26 12:27:40,67,27799
2022-05-29 10:43:38,67,3326
2023-12-17 23:53:58,67,1019
2015-05-20 18:04:59,67,34209
2015-05-24 16:47:55,67,8764
2018-08-27 11:10:39,67,27117
2023-08-15 22:50:46,67,26244
2010-05-11 13:11:11,67,11568
2005-10-16 06:11:21,67,27420
2023-01-11 13:41:31,67,33118
2004-02-16 06:03:20,67,2247
2019-03-10 19:08:47,67,28818
2020-06-20 14:01:09,67,29430
2011-07-21 17:32:20,67,8185
2014-01-31 22:51:34,67,11848
2011-05-04 03:31:38,67,15891
2022-04-12 17:55:04,67,29325
2015-03-15 08:49:43,67,19159
2022-07-31 03:02:05,67,34107
2010-10-01 15:20:48,67,1278
2005-10-07 05:51:26,67,33156
2011-04-25 09:06:03,67,22648
2008-05-15 12:04:52,67,6122
2002-07-06 09:22:46,67,32110
2014-01-14 00:00:27,67,10157
2018-02-15 18:02:30,67,23545
2020-08-24 00:12:50,67,6970
2017-03-11 01:30:00,67,25898
2021-01-11 03:59:26,67,28117
2015-02-10 14:04:45,67,30050
2016-04-21 11:23:38,68,23807
2004-09-11 03:41:04,68,32346
2020-05-28 21:56:53,68,31321
2007-11-09 18:55:04,68,27686
2011-01-06 17:34:08,68,2376
2008-06-02 13:35:50,68,11421
2020-02-20 13:10:44,68,17907
2009-05-13 03:37:16,68,19659
2023-09-08 06:41:33,68,15812
2015-04-11 18:11:00,68,28435
2003-01-11 14:40:56,68,984
2000-09-29 16:01:53,68,10177
2007-04-02 15:02:08,68,19318
2013-08-25 01:02:23,68,2972
2010-04-13 15:05:10,68,7608
2004-01-07 18:33:53,68,4888
2021-02-01 00:03:52,69,2776
2017-10-09 16:57:26,69,33000
2004-07-25 11:12:43,69,30366
2012-02-12 04:28:30,69,33813
2016-07-13 23:42:41,69,3324
2012-12-07 06:37:34,69,24516
2021-04-20 12:10:33,69,25042
2018-10-29 22:44:02,69,9497
2003-06-14 07:47:15,69,29820
2019-06-20 12:35:33,69,22276
2012-09-05 08:55:25,69,28393
2007-04-08 10:22:55,69,32835
2013-01-12 22:50:22,69,14601
2000-04-07 17:09:37,69,7661
2009-07-02 12:58:14,69,1093
2004-07-06 23:13:38,69,23719
2013-05-08 14:01:33,70,19765
2023-01-01 23:45:15,70,20713
2017-01-31 11:09:18,70,15453
2023-02-08 19:33:25,70,8396
2003-08-23 03:01:56,70,29568
2008-06-16 03:13:28,70,12087
2020-09-23 10:14:23,70,11026
2014-06-18 14:20:15,70,31006
2015-10-09 21:33:48,70,23156
2017-04-09 09:45:43,70,1686
2018-06-09 09:29:22,70,6133
2019-04-13 08:17:58,70,12007
2011-08-25 22:49:05,70,20546
2019-05-30 00:03:04,70,25546
2003-11-12 15:07:06,70,2709
2022-01-22 19:10:52,70,759
2007-06-28 03:05:09,70,30448
2020-11-27 15:17:48,70,30141
2003-04-02 18:46:29,70,4712
2002-06-14 10:50:55,70,7482
2000-08-14 20:11:23,70,21210
2004-12-03 06:41:29,70,10743
2005-01-11 02:13:21,70,19542
2015-08-07 08:01:58,71,14374
2011-12-24 19:30:20,71,24105
2022-01-21 19:48:10,71,20853
2000-11-30 03:36:24,71,24210
2022-12-02 14:54:08,71,34139
2011-12-29 07:40:28,71,6154
2014-07-26 14:29:27,71,29215
2004-01-28 07:53:22,71,11299
2008-08-01 05:15:03,71,11852
2023-05-04 00:53:21,71,12687
2020-05-25 02:32:25,71,5704
2023-04-28 19:41:21,71,32476
2011-09-10 10:48:24,71,23872
2011-11-24 17:59:10,71,12244
2007-02-28 20:38:38,71,34651
2012-08-02 11:12:19,71,29713
2019-12-05 09:58:29,71,14800
2002-06-01 14:11:38,71,8284
2023-09-17 13:20:14,71,27929
2007-11-15 04:53:49,71,32283
2004-09-09 09:55:58,71,6226
2009-05-01 00:19:15,71,24532
2001-06-07 01:40:40,71,5726
2017-06-23 08:02:53,71,2318
2022-10-01 23:34:15,72,6431
2014-10-23 11:45:21,72,27911
2006-12-31 23:48:00,72,24210
2001-03-14 22:01:10,72,1476
2007-11-29 03:10:28,72,22923
2004-03-04 06:22:51,72,11710
2006-01-15 06:48:41,72,6235
2005-06-11 16:06:23,72,20517
2008-01-27 03:19:49,72,7205
2020-09-19 01:06:38,72,9082
2009-05-29 14:00:52,72,17616
2021-01-01 19:39:06,72,21756
2015-02-27 09:21:37,72,4167
2004-12-29 09:41:30,72,2922
2001-12-09 09:39:58,72,13471
2021-07-01 06:50:03,72,25874
2020-11-17 15:23:36,72,21280
2018-02-22 15:59:17,72,1046
2015-03-27 21:55:15,72,4171
2015-07-20 15:55:08,72,26479
2002-03-13 00:48:22,72,7506
2001-09-04 15:18:57,72,11207
2017-11-13 12:13:49,72,33378
2012-01-22 17:40:40,72,13592
2017-09-01 22:18:34,72,1831
2000-12-27 19:32:03,72,9274
2017-02-03 13:20:16,73,31975
2010-05-01 23:06:57,73,33293
2010-09-26 16:12:44,73,15451
2014-06-21 10:51:53,73,19826
2003-03-19 10:54:34,73,18872
2013-02-16 17:46:03,73,29614
2020-09-01 21:33:02,73,34931
2022-02-26 07:50:58,73,10952
2005-04-24 07:01:32,73,18755
2000-07-02 17:37:31,73,1879
2003-05-10 22:20:59,73,14118
2008-02-15 11:19:23,73,16370
2020-10-27 20:50:22,73,28154
2018-10-04 08:40:21,73,2896
2008-01-12 09:02:50,73,18105
2008-05-13 09:19:56,73,7529
2015-09-18 06:10:07,73,23964
2002-12-08 16:01:33,73,4867
2001-04-12 03:56:20,73,34835
2021-12-16 04:24:47,73,26546
2004-05-24 03:28:26,73,6500
2007-06-09 06:00:47,73,10346
2017-09-19 21:08:28,73,5674
2017-03-28 16:25:47,73,30467
2014-12-13 14:34:13,73,14020
2014-01-12 20:10:11,73,29978
2021-07-09 18:19:21,73,8249
2000-10-06 01:55:56,73,29932
2014-06-10 14:27:32,73,3673
2006-02-21 22:49:38,73,31179
2004-01-04 16:59:41,73,6143
2019-11-04 01:15:49,73,8131
2017-07-27 07:02:25,73,20463
2009-12-04 06:55:27,73,33071
2008-04-17 17:32:38,73,17197
2015-03-04 21:32:53,74,24071
2001-12-15 23:57:52,74,33293
2008-03-17 21:59:41,74,30560
2021-04-03 12:22:49,74,24071
2020-01-11 18:52:37,74,909
2011-05-06 16:50:24,74,21242
2023-01-10 00:24:56,74,23888
2003-03-17 10:11:22,74,9292
2023-07-23 05:50:51,74,1650
2015-02-02 07:17:03,74,4466
2004-02-05 09:59:58,74,610
2010-04-07 19:18:59,74,29277
2023-04-09 19:18:51,74,7019
2000-06-25 02:13:18,74,20013
2012-10-10 18:45:23,74,32020
2018-10-28 02:16:14,74,29950
2023-02-18 14:22:26,74,8220
2018-06-01 10:56:51,74,7593
2001-08-11 08:13:29,74,22795
2005-09-23 03:48:17,74,34748
2013-03-28 23:30:15,74,16245
2021-08-21 14:20:26,74,15007
2022-02-26 06:27:51,74,11212
2009-02-10 22:27:36,74,12090
2016-05-14 14:29:20,74,786
2000-05-26 02:53:09,74,2828
2017-07-16 00:39:07,74,33402
2022-02-05 07:05:04,74,26620
2020-11-18 20:50:41,74,10857
2014-09-15 20:36:12,74,10781
2015-09-24 08:00:22,74,13485
2010-12-07 06:14:15,75,9920
2004-07-28 08:19:26,75,5001
2018-05-11 19:37:34,75,34196
2000-07-01 05:53:46,75,30368
2020-10-10 04:38:52,75,32380
2004-02-01 23:00:26,75,7987
2014-07-08 09:25:42,75,5289
2012-04-30 20:02:51,75,30470
2006-01-28 09:08:10,75,10907
2017-01-15 01:25:37,75,31177
2023-08-15 04:23:16,75,14195
2013-05-03 21:45:07,75,7533
2017-06-28 04:46:34,75,15415
2013-09-26 10:45:19,75,13823
2011-02-26 15:46:09,75,13594
2014-07-12 10:55:11,75,22566
2008-03-06 15:36:46,75,22917
2018-02-13 20:08:50,75,25773
2014-03-15 18:24:46,75,19466
2012-08-27 20:49:26,75,26559
2013-09-19 18:17:30,75,27223
2006-12-15 01:58:29,75,19825
2004-11-28 17:29:46,75,31650
2018-01-14 11:05:00,75,20304
2019-08-17 09:12:58,75,20735
2001-07-01 18:26:24,75,15646
2016-03-18 19:17:29,76,16486
2009-08-29 02:18:36,76,30913
2015-04-08 20:09:20,76,123
2017-08-22 20:31:41,76,1612
2001-05-03 08:48:03,76,6855
2011-09-14 10:06:43,76,25103
2011-04-28 13:53:22,76,15913
2012-10-18 11:49:20,76,32195
2013-02-08 05:30:39,76,27388
2014-02-04 15:17:36,76,3710
2003-01-28 03:51:22,76,13034
2014-08-05 13:27:54,76,23586
2012-11-08 03:12:54,77,3048
2019-06-06 11:25:02,77,16587
2004-07-03 19:27:32,77,6114
2013-01-18 05:47:45,77,19331
2002-04-05 15:41:57,77,156
2001-02-19 00:16:27,77,23549
2001-01-19 00:11:28,77,4379
2010-06-04 14:09:05,77,33421
2021-05-17 15:29:15,77,30344
2017-07-30 13:52:20,77,8235
2012-05-30 19:00:00,77,334
2015-01-19 15:19:12,77,11664
2000-08-03 15:23:54,77,23941
2022-02-01 23:38:37,77,3538
2014-09-29 08:31:44,77,25205
2002-02-24 03:14:41,77,11213
2000-03-01 08:10:31,77,3614
2021-06-28 12:26:39,77,11897
2012-04-25 21:48:47,77,22140
2009-12-04 22:20:02,77,4930
2014-12-30 12:38:00,77,32668
2002-11-30 23:02:07,77,31258
2023-07-21 23:30:51,77,5775
2023-03-29 22:31:59,77,17854
2001-09-03 13:48:34,77,8543
2008-06-06 18:54:34,77,30760
2006-04-03 02:37:28,77,3921
2003-01-15 06:56:38,77,5683
2021-11-28 04:57:25,78,17054
2010-04-19 06:33:17,78,9486
2011-12-18 08:32:14,78,17706
2020-03-03 20:39:50,78,12548
2006-10-30 22:35:24,78,16081
2004-01-13 09:46:53,78,23970
2011-10-27 10:11:34,78,22198
2023-11-25 23:13:20,78,29183
2022-08-09 16:00:20,78,124
2011-09-21 14:02:59,78,26964
2009-09-11 07:35:51,78,5854
2006-12-06 06:55:54,78,1838
2003-02-11 14:10:14,78,29981
2008-05-07 16:48:57,78,9774
2014-04-27 19:22:38,78,15674
2022-11-21 02:47:04,78,28505
2010-12-19 20:29:03,78,15054
2023-12-07 17:53:31,78,19476
2022-10-17 02:53:09,78,21626
2018-01-19 19:28:55,78,8472
2000-06-10 07:49:28,78,26954
2011-01-30 20:43:06,78,30889
2013-04-17 15:22:45,78,10011
2013-07-31 07:00:45,78,1685
2009-12-25 01:52:10,78,29169
2001-06-16 08:32:02,78,34288
2007-10-17 20:08:53,78,17363
2020-12-24 21:34:52,78,7750
2016-09-22 16:02:42,78,12568
2007-01-25 10:35:57,78,6169
2010-06-29 03:24:10,79,13383
2022-06-06 16:42:56,79,13074
2016-12-16 18:38:39,79,6831
2016-04-23 01:27:05,79,22974
2014-03-31 22:47:20,79,32126
2019-01-06 01:15:07,79,12705
2017-04-04 17:49:37,79,4689
2007-06-28 05:03:40,79,24174
2011-09-25 17:33:01,79,34437
2009-01-14 15:35:51,79,13297
2014-09-14 04:00:21,79,19260
2000-11-08 02:25:55,79,4198
2008-11-21 13:43:25,79,33842
2023-04-28 23:17:43,79,26177
2005-08-24 13:01:57,79,31593
2018-11-16 14:09:34,79,34352
2009-06-14 10:32:00,79,21170
2017-08-15 07:43:24,79,31396
2005-07-16 03:27:35,79,27028
2004-08-24 22:20:35,79,1671
2013-05-10 01:15:17,79,19264
2014-06-26 06:07:26,79,30198
2023-09-22 11:57:00,79,34221
2018-08-24 02:00:40,79,7400
2016-10-12 01:13:25,79,7106
2009-04-05 21:02:23,79,31720
2016-07-13 23:24:11,79,23334
2013-03-17 08:33:31,79,23981
2011-01-03 11:29:10,79,6739
2022-08-29 08:12:10,79,7014
2016-09-22 15:01:18,80,18824
2009-02-14 19:24:44,80,17786
2016-12-10 20:01:02,80,28219
2008-05-24 23:19:57,80,34374
2016-02-24 14:33:06,80,12625
2006-01-01 06:12:19,80,16324
2023-01-23 15:58:22,80,31558
2008-04-11 07:15:11,80,20934
2011-07-23 06:07:33,80,23105
2003-06-21 20:04:47,81,10820
2000-06-17 10:58:14,81,30019
2017-07-12 13:47:46,81,32475
2005-10-23 21:50:35,81,10400
2001-07-02 07:44:48,81,23384
2020-11-25 02:13:12,81,15822
2008-11-22 09:31:36,81,12466
2002-05-20 22:53:53,81,12692
2017-10-10 19:40:49,81,15526
2022-07-19 18:38:45,81,23827
2017-07-10 00:24:18,81,18474
2013-10-24 03:41:23,81,8663
2002-06-15 10:41:50,82,114
2008-05-23 13:58:26,82,33582
2009-04-30 03:57:23,82,23374
2005-06-04 21:07:30,82,24089
2008-05-11 10:15:59,82,32481
2007-10-24 04:52:33,82,5275
2023-08-27 19:26:54,83,723
2007-07-21 09:47:46,83,27761
2019-02-09 07:00:26,83,23513
2007-07-15 02:32:30,83,34428
2018-03-18 17:14:02,83,4809
2001-03-18 11:54:43,83,33445
2001-05-25 06:25:22,83,12911
2013-08-03 13:54:25,83,11887
2011-07-24 08:13:42,83,7576
2020-04-12 04:28:53,83,1000
2015-04-05 04:43:22,83,12293
2012-03-17 16:17:33,83,6181
2020-06-02 05:53:39,83,26912
2023-05-31 09:28:28,83,12278
2016-02-25 16:41:42,83,6966
2004-02-06 16:00:46,83,20157
2012-11-14 05:25:07,83,2406
2001-03-14 06:00:27,83,1489
2000-04-10 10:52:11,83,15051
2021-09-18 09:05:52,83,12514
2006-09-10 08:59:12,83,30046
2018-01-26 09:14:55,83,17965
2022-07-05 14:59:57,83,12223
2011-12-01 20:24:23,83,34845
2000-09-08 01:22:06,83,13592
2009-09-30 01:09:38,83,26971
2008-12-12 11:32:22,83,11839
2009-05-16 23:43:11,83,16558
2006-07-22 02:57:08,83,25573
2012-09-28 18:44:29,83,32611
2020-02-05 05:57:03,84,26584
2009-06-12 06:02:11,84,29988
2004-03-17 09:22:07,84,26197
2019-04-16 17:11:00,84,30098
2009-10-07 09:27:43,84,30093
2007-03-25 02:27:47,84,19907
2014-02-17 16:10:30,84,536
2023-01-07 15:26:18,84,23470
2009-09-07 17:40:27,84,15684
2013-10-23 13:55:57,84,23348
2012-09-30 15:09:15,84,23
2008-12-04 18:55:41,84,19786
2015-11-25 23:57:04,84,19824
2021-08-29 07:04:16,84,22589
2014-07-02 11:46:09,84,10352
2022-07-09 18:56:12,84,20563
2001-08-17 08:46:22,85,13833
2000-03-01 06:42:45,85,30111
2014-07-01 07:17:57,85,3348
2016-09-30 02:18:25,85,27846
2004-06-12 04:47:30,85,11306
2005-01-06 11:57:54,85,20134
2012-11-05 01:02:45,85,25935
2007-11-03 09:09:13,85,7680
2018-06-26 09:43:57,85,14793
2015-10-27 02:18:56,85,12223
2022-03-29 02:50:57,85,22364
2009-05-13 07:57:10,85,25678
2017-08-24 15:13:26,85,25078
2023-07-02 17:28:15,85,13871
2009-11-08 13:13:05,85,10482
2020-02-22 11:02:17,85,27129
2018-11-25 19:01:39,85,3074
2007-03-10 11:47:50,85,4556
2016-03-11 16:28:59,85,34319
2006-08-30 03:49:58,85,3208
2001-05-12 06:54:40,85,34765
2012-09-10 16:36:46,85,26682
2018-12-24 13:35:05,85,21580
2023-02-16 07:47:14,85,19865
2012-09-25 20:30:43,85,4307
2008-04-25 02:51:40,85,5237
2000-05-19 09:49:01,85,5942
2021-05-02 21:22:14,85,21540
2012-08-20 13:37:50,86,21124
2006-10-19 01:18:08,86,34392
2015-04-08 06:07:59,86,27036
2008-02-08 03:41:06,86,29157
2023-08-17 22:18:15,86,13878
2008-04-24 10:43:21,86,30177
2013-10-20 18:34:25,86,1694
2005-12-14 06:23:28,86,25425
2003-06-02 15:47:07,86,25983
2017-06-09 21:07:36,86,21923
2011-10-30 17:34:33,86,18104
2018-01-21 08:20:53,86,16328
2000-02-14 20:22:53,86,32634
2001-03-06 22:43:50,86,34875
2018-11-28 07:47:21,86,30550
2016-04-30 23:16:33,86,18792
2007-05-16 14:58:13,86,8747
2014-04-26 05:09:23,86,27945
2009-01-10 06:47:30,86,25379
2012-11-16 19:04:32,86,33244
2020-02-24 20:38:03,86,25931
2006-10-01 05:31:54,86,32166
2015-09-07 20:26:42,86,26767
2006-07-03 13:14:11,86,7504
2020-07-02 22:57:41,86,30702
2013-03-31 19:30:29,86,18105
2006-01-30 12:05:24,86,11472
2022-08-25 06:19:14,86,24630
2014-03-05 15:26:02,86,31772
2016-08-26 10:10:21,86,13034
2020-09-25 12:23:12,86,115
2015-09-06 14:03:32,86,29343
2014-09-07 14:46:04,86,19230
2000-10-01 17:02:58,86,17730
2002-05-22 11:04:52,86,22520
2007-12-15 20:57:23,86,11593
2005-07-16 15:45:47,86,30526
2013-10-28 01:51:33,86,25647
2017-02-13 07:45:39,86,9249
2007-08-23 08:28:22,87,12270
2006-09-29 22:30:10,87,1014
2012-07-20 16:31:51,87,2418
2008-12-04 10:13:19,87,4318
2003-06-21 17:11:16,87,73
2018-09-19 23:15:05,87,26383
2002-01-24 21:49:41,87,8091
2004-09-16 12:38:47,87,9062
2022-08-06 15:09:49,87,4407
2023-10-31 06:08:54,87,2695
2005-05-14 21:05:19,87,25588
2013-02-06 00:51:27,87,10096
2018-11-29 13:51:04,87,16211
2020-05-25 11:27:46,87,14084
2023-10-12 06:53:18,87,751
2010-11-21 14:02:29,87,22887
2011-03-27 11:18:43,87,26099
2007-05-02 11:37:10,87,34639
2006-08-05 05:35:00,87,4010
2019-12-05 08:15:29,87,5657
2018-11-16 09:37:12,87,8206
2018-01-24 14:58:51,87,18721
2002-08-28 22:05:33,87,1339
2016-01-18 00:31:58,87,18948
2004-03-02 00:01:28,87,13330
2005-03-08 16:29:12,87,13334
2016-06-03 06:46:12,87,21503
2015-09-19 14:06:46,87,23356
2002-12-31 09:37:13,87,5223
2008-12-27 17:19:34,87,30584
2014-06-14 23:14:57,88,13525
2001-01-20 21:09:25,88,10910
2002-06-05 03:31:07,88,9948
2001-03-19 18:58:30,88,13966
2017-08-09 04:01:20,88,13382
2005-12-10 13:27:54,88,3006
2022-09-11 15:14:22,88,9025
2005-05-10 07:55:11,88,31751
2007-01-30 10:31:31,88,15918
2013-05-13 01:41:53,88,21828
2004-06-16 09:27:22,88,18741
2023-03-16 02:50:26,88,28450
2008-04-04 16:08:20,88,15412
2017-02-07 22:02:32,88,17935
2016-12-21 05:10:53,88,9615
2009-08-22 16:19:31,88,2985
2014-08-09 15:02:04,88,8032
2016-01-10 12:55:43,88,13086
2010-02-12 21:00:22,88,20369
2018-02-17 16:23:54,89,20917
2016-01-31 05:45:23,89,13616
2014-07-05 02:45:51,89,31447
2005-06-02 21:19:39,89,31712
2001-06-12 18:14:39,89,23969
2012-08-07 17:41:03,89,2526
2020-06-04 18:33:49,89,5161
2017-03-04 07:29:58,89,26800
2002-02-07 14:06:04,89,20712
2006-01-05 13:44:23,90,12420
2013-06-23 06:54:57,90,9673
2019-06-01 05:22:55,90,9452
2008-01-24 15:37:12,90,610
2012-01-07 15:39:35,90,18642
2013-09-18 19:52:03,90,23344
2003-06-03 22:42:37,90,4555
2016-08-09 19:37:15,90,30156
2022-08-07 13:05:48,90,8117
2003-12-14 07:46:15,90,2283
2019-07-02 06:39:41,90,19438
2003-02-13 04:13:15,90,33924
2020-03-27 12:53:17,90,19132
2022-02-27 09:10:22,90,8466
2007-08-28 22:45:05,90,3604
2014-08-08 05:31:50,90,8034
2023-08-28 17:55:54,90,18469
2000-03-07 15:51:01,90,21521
2006-01-27 23:42:36,90,7344
2003-01-19 00:42:55,90,245
2005-05-20 07:07:55,91,21851
2013-03-06 17:24:33,91,23962
2007-07-30 14:33:55,91,30737
2005-05-17 21:13:59,91,32667
2019-03-30 04:09:57,91,30465
2012-01-21 18:02:18,91,7777
2015-05-18 03:56:20,91,11018
2014-03-25 04:29:55,91,21273
2004-01-10 09:43:27,91,26010
2002-05-13 09:00:53,91,19321
2006-03-13 19:56:57,91,34470
2011-05-21 15:42:33,91,23820
2005-10-10 09:43:30,91,2116
2002-06-01 20:00:13,91,7900
2010-12-13 10:03:59,91,15828
2011-06-09 02:57:03,91,2433
2000-01-26 22:29:11,92,25925
2012-09-25 11:45:30,92,11179
2001-04-09 00:59:13,92,23747
2015-01-12 18:17:15,92,30507
2008-06-16 12:37:12,93,936
2021-03-12 08:31:16,93,8282
2002-02-07 20:54:43,93,16273
2001-07-24 17:12:57,93,20612
2017-07-19 13:30:22,93,10284
2013-01-29 04:40:47,93,33998
2007-11-18 18:35:02,93,33580
2004-02-12 22:53:20,93,19956
2005-04-05 14:18:20,93,9767
2013-01-04 03:24:10,93,591
2003-01-05 15:00:28,93,31367
2023-11-24 09:58:21,93,30739
2013-01-14 15:13:18,93,3278
2018-04-27 01:13:27,93,23928
2015-12-19 23:23:32,93,1095
2007-12-16 17:00:16,93,30473
2019-08-07 17:30:45,93,19147
2007-06-26 20:52:36,93,31291
2009-09-06 09:22:59,93,10398
2010-12-10 10:11:39,93,29694
2002-04-01 19:13:49,93,15212
2019-09-01 07:06:48,93,1892
2013-12-17 17:45:17,93,31507
2014-11-22 07:28:35,93,10728
2006-10-04 16:44:03,93,33415
2020-03-22 14:52:13,93,984
2007-07-14 12:36:51,93,32283
2002-02-20 18:31:12,93,27066
2023-06-02 22:13:18,93,19992
2018-10-30 04:45:39,93,21918
2002-04-15 17:39:53,93,15923
2022-10-14 18:38:36,93,25603
2019-03-04 03:32:12,93,17830
2005-12-15 02:55:17,93,32387
2019-05-28 21:55:38,94,1515
2012-02-14 07:37:26,94,2290
2013-01-04 12:59:28,94,4914
2021-01-17 05:40:45,94,1656
2022-12-30 03:30:42,94,26845
2016-06-01 12:59:34,94,2709
2018-08-29 07:38:53,94,2111
2010-12-02 12:41:44,94,4704
2006-01-05 20:57:45,94,34801
2019-10-12 20:00:29,94,9410
2007-04-28 15:55:00,94,9719
2021-01-06 21:33:49,94,29113
2002-03-09 12:32:59,94,835
2014-11-19 02:26:00,94,14128
2012-04-05 21:17:07,94,17721
2011-09-11 07:21:24,94,34100
2015-04-29 01:43:02,94,28230
2008-12-02 03:42:53,94,7693
2003-07-30 03:14:19,94,32528
2017-12-22 01:25:10,94,4594
2010-11-27 13:00:53,94,22516
2021-01-26 19:51:21,94,291
2004-07-06 12:15:00,94,14972
2013-09-15 15:02:05,94,4931
2016-03-23 07:29:46,94,19089
2006-05-26 11:34:16,94,34297
2012-01-19 18:51:51,94,20185
2002-05-19 02:06:09,95,26318
2021-01-24 12:13:50,95,34711
2004-03-14 20:25:16,95,30081
2017-08-21 05:56:07,95,18236
2013-02-28 03:15:11,95,26128
2021-08-24 18:36:53,95,34013
2018-01-03 17:41:38,95,7576
2010-04-29 08:40:58,95,30832
2001-06-14 08:20:23,95,4247
2020-06-21 13:49:52,95,2596
2021-03-28 23:11:22,95,12962
2019-02-23 12:10:54,95,29168
2019-12-22 15:57:20,95,1848
2016-11-04 09:33:23,95,32363
2008-04-10 08:35:12,95,12226
2003-06-05 23:49:19,95,29723
2005-01-22 01:52:38,95,5658
2012-05-13 17:12:15,95,25080
2017-08-13 18:45:58,95,31851
2017-07-14 21:24:23,95,7827
2008-11-14 17:25:30,95,25777
2017-02-21 04:21:25,96,2463
2002-05-10 14:10:26,96,6651
2000-06-11 18:52:11,96,23992
2021-04-04 19:23:58,96,33547
2016-12-10 07:39:09,96,2473
2023-12-10 01:33:04,96,26544
2015-01-19 12:41:45,96,11540
2019-10-09 20:14:11,96,18386
2020-08-30 05:33:19,96,2738
2006-06-29 00:27:39,96,19356
2017-08-09 21:53:42,96,2651
2007-01-17 09:34:47,96,3086
2002-11-02 01:42:12,96,27
2008-11-17 07:33:53,96,30111
2002-04-09 03:52:13,96,13034
2020-08-24 16:54:03,96,32557
2002-06-06 03:11:15,96,31879
2022-08-11 05:40:47,96,21622
2006-12-22 21:37:07,96,18877
2017-03-21 21:34:03,96,19529
2017-02-28 14:51:03,96,3751
2012-11-06 21:55:09,96,8759
2004-12-26 03:11:16,97,17796
2017-11-22 08:51:21,97,33345
2015-12-02 16:32:03,97,1675
2013-07-13 14:14:28,97,16655
2007-08-04 11:27:35,97,17130
2006-12-18 16:49:46,97,18779
2009-04-11 08:15:02,97,7402
2010-12-25 00:50:28,97,4738
2007-08-02 23:37:47,97,22979
2011-07-20 08:48:30,97,760
2022-03-11 12:56:19,97,7541
2009-03-14 23:21:38,97,24816
2008-08-17 11:59:01,97,511
2000-06-07 03:09:14,97,23421
2011-02-24 19:11:40,97,9251
2002-07-21 19:52:15,97,3657
2004-01-25 14:23:55,97,8303
2003-10-18 06:46:00,97,11994
2005-01-07 10:48:19,97,13882
2021-01-08 17:59:09,97,25587
2015-10-17 22:30:18,98,28468
2018-01-25 09:02:56,98,33917
2019-08-04 13:48:32,98,6484
2000-07-08 04:09:46,98,21746
2002-12-25 16:36:05,98,21599
2002-10-05 21:20:54,98,33309
2019-01-01 18:35:52,98,27868
2015-03-20 01:18:04,98,6930
2001-12-11 14:15:14,98,76
2018-05-16 13:48:42,98,32209
2021-02-22 13:05:59,98,15906
2020-05-11 03:42:19,98,5848
2022-03-07 12:36:46,98,7994
2020-10-03 02:27:57,98,9144
2014-05-12 05:37:03,98,18800
2017-01-24 03:36:34,98,21216
2021-12-24 04:42:55,98,5314
2016-08-16 14:30:03,98,24971
2022-02-18 00:07:40,98,25539
2020-03-19 10:21:17,98,21436
2005-03-28 21:07:50,99,9213
2001-10-28 17:28:04,99,27814
2020-01-28 17:14:07,99,13608
2005-03-21 08:08:27,99,3942
2021-09-11 08:25:12,99,28207
2009-07-12 15:40:10,99,25506
2016-05-27 17:42:36,99,3516
2009-08-21 09:37:17,99,27267
2007-12-26 09:48:49,99,11185
2010-11-27 08:02:37,99,5145
2005-10-28 07:16:20,99,4621
2023-06-04 01:55:44,99,3702
2021-01-21 00:28:30,99,34143
2010-01-21 07:58:48,99,9254
2003-08-14 16:52:28,99,53
2012-09-29 12:44:17,99,28815
2004-10-03 22:09:03,99,29626
2009-08-21 06:30:05,99,21588
2018-04-29 20:18:05,99,21520
2007-08-04 19:50:17,100,26208
2017-03-29 20:39:44,100,10115
2011-01-22 05:54:37,100,34196
2001-07-16 15:42:02,100,33654
2021-01-08 02:18:34,100,31063
2017-11-28 19:54:18,100,6221
2012-10-18 23:05:49,100,560
2007-10-18 11:07:04,100,3356
2017-11-21 04:34:17,100,30423
2015-06-25 20:12:23,100,32364
2022-03-20 13:36:36,100,1022
2019-02-12 17:08:40,100,29406
2017-07-23 19:57:30,100,11310
2019-03-02 02:12:31,100,2842
2017-06-07 16:23:38,100,25676
2010-11-16 17:23:32,100,23537
2001-02-13 13:47:29,100,9098
2000-03-07 06:25:15,100,27334
2022-12-28 14:11:50,100,14696
2000-07-22 09:00:45,100,15223
2008-08-22 17:58:24,100,21194
2004-11-06 02:22:08,100,43
2005-07-02 15:10:06,100,20131
2005-09-25 04:32:56,17,3112
2004-06-15 06:12:00,1,30709
2004-07-25 04:43:50,1,30643
2004-07-25 04:43:50,1,30593
2004-07-25 04:43:50,1,30588
2005-09-25 08:02:01,1,30587
2004-09-20 11:32:51,1,30586
2004-10-12 09:35:06,1,30585
2004-10-30 12:12:12,1,30581
2005-01-20 09:00:53,1,30580
2005-03-17 10:42:19,1,30579
2005-09-25 04:30:56,1,30578
2005-09-25 04:30:56,1,30577
2005-09-25 04:30:56,1,30576
2005-09-25 04:30:56,1,30565
2005-09-25 04:30:56,1,30564
2005-09-25 04:30:56,1,30563
2005-09-25 04:30:56,1,30562
2005-09-25 04:30:56,1,30561
2005-09-25 04:30:56,1,30560
2005-09-25 04:30:56,1,30559
2004-07-25 04:43:50,1,30972
2005-09-25 04:30:56,1,22610
2005-09-25 04:30:56,1,22611
2005-09-25 04:30:56,1,22612
2005-09-25 04:30:56,1,22614
2005-09-25 04:30:56,1,22615
2005-09-25 04:30:56,1,22616
2005-09-25 04:30:56,1,22617
2005-09-25 04:30:56,1,25210
2018-11-16 14:09:34,79,34353
2019-11-16 14:09:34,79,34438
2008-04-14 23:21:38,1,2226
